,age,income,score,zipcode,city,extra_data,numeric scaled,numeric_standard
0,34.0,55000.0,0.82,90210,Beverly,,0.8125,0.7671455149152696
1,45.0,52000.0,0.91,10001,New York,42.0,0.625,0.12274328238644333
2,29.0,42000.0,,60614,Chicago,,0.0,-2.0252641593763108
3,50.0,58000.0,0.76,94103,SF,,1.0,1.4115477474440958
4,38.0,52000.0,0.88,73301,Austin,,0.625,0.12274328238644333
5,39.5,52000.0,0.65,12345,Unknown,5.0,0.625,0.12274328238644333
6,41.0,49000.0,0.79,94105,San Francisco,,0.4375,-0.521658950142383
